Variable	Df	Sum.Sq	Mean.Sq	F.value	Pr.F
STR        	2	25267.7983912977	12633.8991956489	276.700005013584	6.59466291530107e-120
Region     	7	3016.84927481699	430.978467830999	9.43902926268835	9.40958372297262e-12
STR:Region 	14	6216.61859848714	444.044185606224	9.72518669658302	4.62520150303186e-22